rating,date_published,user,is_user,platform,game_id
3,2007-02-22,3TeEjRLMc83UcGoOT,0,Wii,25103
1,2007-03-01,SE463G7LBrvlxV,1,Wii,25103
5,2007-03-05,8oBXpUkS6CH,2,Wii,25103
6,2007-03-05,OeqtCoQgU3,3,Wii,25103
9,2007-03-12,KFd3iGnVODDjanFcJ9P,4,Wii,25103
7,2007-03-16,7u0PK3ehpGoAf4R1yKJM,5,Wii,25103
6,2007-03-21,CVrpGV,6,Wii,25103
2,2007-03-25,31sYZPqGi7,7,Wii,25103
5,2007-03-29,EjcvrP5oUzv,8,Wii,25103
3,2007-03-30,9inyUA2,9,Wii,25103
4,2007-04-02,hUxsQ32PSEagPrT37J2,10,Wii,25103
3,2007-04-10,IG2aWE5dq,11,Wii,25103
2,2007-04-14,KmyxcSCQCRc,12,Wii,25103
6,2007-04-13,n18eyNQtnH,13,Wii,25103
5,2007-04-21,UkArJMz2P9noV,14,Wii,25103
4,2007-04-23,lVTpI,15,Wii,25103
7,2007-04-26,yykwxqoj79YIgJ,16,Wii,25103
3,2007-05-04,KCfpGG1gDwntVIF,17,Wii,25103
5,2007-05-06,Goprw,18,Wii,25103
10,2007-05-06,hM2tl2nynVINz,19,Wii,25103
3,2007-05-13,E9qdWTTZbeFhufvawvOY,20,Wii,25103
7,2007-05-17,wX3Ososs6IjqcFp,21,Wii,25103
6,2007-05-23,cRiPj2zZ,22,Wii,25103
4,2007-05-28,GlqTJoM,23,Wii,25103
2,2007-05-28,33kCTsA3DchRqjCwf7S,24,Wii,25103
8,2007-06-02,05HzHHYVD0U1GdfQ,25,Wii,25103
4,2007-06-07,mkmKSCc0Lkm9,26,Wii,25103
6,2007-06-12,NVmr7,27,Wii,25103
7,2007-06-15,vLxu5rboSJl,28,Wii,25103
3,2007-06-18,rmDdcwsrv60jqKAuD,29,Wii,25103
3,2007-06-24,JUuETZ6YxYBN6xB,30,Wii,25103
8,2007-06-25,ieRNAnn,31,Wii,25103
7,2007-06-28,cLeQRAxyT,32,Wii,25103
7,2007-06-30,Waf2R,33,Wii,25103
4,2007-07-06,C1K6qg39CmPEM,34,Wii,25103
8,2007-07-12,uRjXnAwws5,35,Wii,25103
2,2007-07-16,71ttd7JFrg7KYqu,36,Wii,25103
2,2007-07-18,7IhbgJZ1msGbKV0A,37,Wii,25103
10,2007-07-24,cIHFrIQSeyw4nj,38,Wii,25103
8,2007-07-27,Vce9Tslw,39,Wii,25103
8,2007-07-31,y8rqTX5XBoCn,40,Wii,25103
2,2007-08-04,2SofwiM1O5,41,Wii,25103
6,2007-08-07,aTFU25uRsw4U5xzXRC,42,Wii,25103
4,2007-08-10,C1oqvVstY,43,Wii,25103
4,2007-08-17,UkyaN82psYKXQo,44,Wii,25103
4,2007-08-15,4dWnNWYswLyDS8R,45,Wii,25103
3,2007-08-24,fnBhR5K46fBtZWgGn,46,Wii,25103
1,2007-08-24,WxV5EIskm6xnpylX,47,Wii,25103
3,2007-08-31,bbS6Z42QqK4Et,48,Wii,25103
5,2007-09-05,XH1PV5YjBjNKoND,49,Wii,25103
3,2007-09-05,IuyXjlsWZYRlH5,50,Wii,25103
4,2007-09-14,g8FC7YsUOPOIvX1Gn,51,Wii,25103
5,2007-09-12,mBRZ6uPuoL8Q0f4e9PK,52,Wii,25103
1,2007-09-17,Z0KbM12B3zAy3mbMnD8x,53,Wii,25103
2,2007-09-22,KcbJ6m5bmUw,54,Wii,25103
3,2007-09-27,qlvhpP5octisFo9fFk,55,Wii,25103
2,2007-10-03,cgJvyEWQszE5MutSMI,56,Wii,25103
4,2007-10-05,z0R6ozQoPbwf6J8Tq31V,57,Wii,25103
5,2007-10-11,oU2HL0mteDJ058KjgxIR,58,Wii,25103
8,2007-10-15,wVOrV49cqx,59,Wii,25103
4,2007-10-16,YQYO5PhliMtbQ,60,Wii,25103
2,2007-10-22,lTf5XA6o0DYzKRO,61,Wii,25103
1,2007-10-25,tZMrqr3gPpdtlpHj,62,Wii,25103
9,2007-10-24,CYGpR4Lpv,63,Wii,25103
4,2007-11-01,pf1rhLT4p,64,Wii,25103
10,2007-11-01,GXNLXa91yewCoP9lZxXU,65,Wii,25103
6,2007-11-05,UmztJs0YM3Dh3Gk,66,Wii,25103
10,2007-11-09,tVBIIEUTU,67,Wii,25103
8,2007-11-17,R6ckqNL7HA0,68,Wii,25103
6,2007-11-23,BB4pBDgNOqpBzTXsb,69,Wii,25103
2,2007-11-26,gXeWznUxepVVdZw,70,Wii,25103
2,2007-11-29,eg1GdQBcD,71,Wii,25103
10,2007-11-30,v2QwRO,72,Wii,25103
8,2007-12-08,HN78LeTY,73,Wii,25103
8,2007-12-09,b3PktqGb,74,Wii,25103
8,2007-12-10,LBuKfKzPX11jXx5ObwDN,75,Wii,25103
1,2007-12-15,drG8RXCY235VSmNHpu,76,Wii,25103
9,2007-12-20,z88W4zO0gL,77,Wii,25103
8,2007-12-26,SJvJ6ZCu3r,78,Wii,25103
2,2007-12-31,SmzX3GWSZ,79,Wii,25103
9,2008-01-02,6aEDXmeh,80,Wii,25103
8,2008-01-07,wuVWZkO8DFQ3qcYsYZ2I,81,Wii,25103
6,2008-01-09,EZrC5T3dYIg4VjPk,82,Wii,25103
4,2008-01-16,XGeLBQr,83,Wii,25103
9,2008-01-20,M4c2mmVTUr,84,Wii,25103
10,2008-01-22,bg7JCk1Ri1tX,85,Wii,25103
4,2008-01-27,YiAw0CAI4nWuLKI1uqg,86,Wii,25103
1,2008-01-28,NAIoaWDFLQM5vwEkWjH,87,Wii,25103
4,2008-01-29,GIwnt099kbH,88,Wii,25103
3,2008-02-04,4JHZ5,89,Wii,25103
5,2008-02-12,3Mp7rM,90,Wii,25103
5,2008-02-15,SqWjnxeb,91,Wii,25103
4,2008-02-20,UPaiOISILer97ypAotl8,92,Wii,25103
8,2008-02-20,Lpd349,93,Wii,25103
5,2008-02-27,TxDFkkS,94,Wii,25103
2,2008-02-26,HkLkgE4gowYwp,95,Wii,25103
10,2008-03-03,I6GjN4TTjI09xa,96,Wii,25103
10,2008-03-05,mRPzd3JiJc47F,97,Wii,25103
1,2008-03-11,X40Esh5,98,Wii,25103
2,2008-03-14,mECz8,99,Wii,25103
5,2008-03-20,N7Bh4X26VY1RMZKnST9,100,Wii,25103
5,2008-03-21,ZdmArlGIuDrCos,101,Wii,25103
6,2008-03-29,0jYsaeuthJaedz,102,Wii,25103
5,2008-04-01,nXDqlk,103,Wii,25103
1,2008-04-06,GWQQUHvXJg,104,Wii,25103
7,2008-04-09,8lReZ1rnDyMfuMQ,105,Wii,25103
10,2008-04-11,YjAx46Tc7t1T,106,Wii,25103
10,2008-04-14,iz8wsbjzwpdcTt1gjCL,107,Wii,25103
4,2008-04-22,MDCgWV,108,Wii,25103
1,2008-04-22,mCiE0C0XgH85,109,Wii,25103
3,2008-04-30,GcPbqHi1IPLrIMc,110,Wii,25103
10,2008-04-29,18j7h,111,Wii,25103
4,2008-05-03,h6qChJlM9o1IBdFvY5PV,112,Wii,25103
6,2008-05-08,5tea3tRLLZ,113,Wii,25103
10,2008-05-14,ghmWy5G73fhXj6HId,114,Wii,25103
10,2008-05-18,yrder,115,Wii,25103
10,2008-05-20,ZuItXqQslaOmB5VOHd1,116,Wii,25103
3,2008-05-25,r3ImBk3p,117,Wii,25103
6,2008-05-31,6PP8OJyP,118,Wii,25103
9,2008-05-29,hrn6sbhG,119,Wii,25103
6,2008-06-05,GWWuv5blXUDTJQsts,120,Wii,25103
4,2008-06-09,WPibtu3g5nb0p,121,Wii,25103
10,2008-06-15,13gWWpf,122,Wii,25103
2,2008-06-14,oIWyuDxtiQhuy,123,Wii,25103
4,2008-06-22,9nCoVLef,124,Wii,25103
4,2008-06-26,2I8YHmtn,125,Wii,25103
5,2008-06-29,jhNWYJnf,126,Wii,25103
9,2008-06-29,7omEjhQPGh,127,Wii,25103
4,2008-07-03,wANu0M,128,Wii,25103
3,2008-07-11,VY9uPcHsa0q,129,Wii,25103
7,2008-07-17,4JTSms,130,Wii,25103
9,2008-07-16,HQBuxvbyAXWSKRH,131,Wii,25103
7,2008-07-22,heZnwheT,132,Wii,25103
4,2008-07-23,YqdrMPid5IXgWZYQ,133,Wii,25103
1,2008-07-30,Yaq2o,134,Wii,25103
7,2008-07-31,orsSxePrp0,135,Wii,25103
7,2008-08-05,0i8O3iD9WNrIKN,136,Wii,25103
5,2008-08-13,VMSV0wp,137,Wii,25103
5,2008-08-17,df4sMl,138,Wii,25103
2,2008-08-15,uUAKzgRbUmLN8t5NpF,139,Wii,25103
6,2008-08-21,0DqQlwJE4p3Ux0SNklPm,140,Wii,25103
5,2008-08-24,gqafdQzesEVJi6wmyF,141,Wii,25103
10,2008-08-26,ON9N8aYOQuIQ0jdIL,142,Wii,25103
5,2008-09-04,4Jlgy,143,Wii,25103
7,2008-09-04,lE0tWuxKNDWrgt,144,Wii,25103
2,2008-09-08,tPxvFhdWayo,145,Wii,25103
1,2008-09-16,bam8Su,146,Wii,25103
10,2008-09-20,8DIdoamfRgUSO,147,Wii,25103
1,2008-09-19,dJyJUrcbdIwG5aeGZKm,148,Wii,25103
8,2008-09-23,IgqGTMCPjEx7,149,Wii,25103
2,2008-10-03,Zb8twtixQ0aM,150,Wii,25103
7,2008-10-04,UDSCW576N,151,Wii,25103
7,2008-10-08,HZ9MZwmH3NXJBZ2,152,Wii,25103
2,2008-10-14,79ebKi0lHOem,153,Wii,25103
10,2008-10-16,HoscY7Jqifdw,154,Wii,25103
7,2008-10-19,IFsnS,155,Wii,25103
5,2008-10-24,FQenEJtKPy,156,Wii,25103
4,2008-10-26,wMY5Q,157,Wii,25103
10,2008-11-01,8gMqg2W2bRjRw7g47E,158,Wii,25103
10,2008-11-01,vHGGhov06D2V,159,Wii,25103
7,2008-11-08,JCknHzROl,160,Wii,25103
8,2008-11-11,tEhid9fcttZ7TK4CQ59V,161,Wii,25103
4,2008-11-13,eo4Q6KR1VxN4wrbEAxc,162,Wii,25103
6,2008-11-22,YW72QvbRESetaJi,163,Wii,25103
10,2008-11-23,4g07h,164,Wii,25103
8,2008-11-29,ZoCg7coA0GL4iPfrDE,165,Wii,25103
4,2008-12-02,c9Cp8TkVt81,166,Wii,25103
7,2008-12-07,VrlrDOzKnzH3,167,Wii,25103
1,2008-12-08,xy8qAu,168,Wii,25103
8,2008-12-12,Y0RIj4nb,169,Wii,25103
2,2008-12-13,oNruriPtIYqqZGCmymVg,170,Wii,25103
4,2008-12-17,ZEEhyq26u0FXGA9pzw6,171,Wii,25103
10,2008-12-23,czrn4y5WfNgTrm,172,Wii,25103
4,2008-12-29,ymPqRgLyBbMwWozLbMoY,173,Wii,25103
6,2009-01-01,mlvlnJS17iF3EmR,174,Wii,25103
5,2009-01-08,5htSlBERlbfFvMrN,175,Wii,25103
4,2009-01-12,TIPNG4he1Pjt3vYxsa,176,Wii,25103
6,2009-01-15,TzZrlW9sWop,177,Wii,25103
1,2009-01-15,rGHwAP2GtYG,178,Wii,25103
1,2009-01-19,9HUfKk8a4O320kkGje6,179,Wii,25103
4,2009-01-23,9vaobaWy3fAxjIz,180,Wii,25103
9,2009-01-26,V5xH1CRtAT,181,Wii,25103
5,2009-02-02,db5RSQLJ0W9bx,182,Wii,25103
1,2009-02-07,BxIs5pIQVN7mb,183,Wii,25103
8,2009-02-08,w5TNb,184,Wii,25103
9,2009-02-10,3ffZu3HsT,185,Wii,25103
7,2009-02-13,FzwioGhAilE,186,Wii,25103
4,2009-02-21,Zvb4bqQKW1dENp,187,Wii,25103
6,2009-02-21,XvaegiHYAvS,188,Wii,25103
10,2009-02-27,qNLIqVAj,189,Wii,25103
10,2009-03-06,9J1Iwdmv,190,Wii,25103
3,2009-03-05,Bt5MATtMIx21Qs5uK,191,Wii,25103
7,2009-03-13,RQuySdb,192,Wii,25103
3,2009-03-19,gOsg6vFlmk,193,Wii,25103
5,2009-03-19,VOPc7,194,Wii,25103
8,2009-03-23,zLmfk,195,Wii,25103
8,2009-03-29,ootYo3oxV7fz,196,Wii,25103
5,2009-04-02,2UwiQbcElvc4xYP,197,Wii,25103
1,2009-04-01,1sQiDR,198,Wii,25103
6,2009-04-08,nd7t0O7DhnHOcfUM,199,Wii,25103
6,2009-04-10,zw2z7uSssa,200,Wii,25103
6,2009-04-17,gQzO3wF4fAwUplOfWQHo,201,Wii,25103
6,2009-04-19,nIkKV2TMrbpWVT1Yklu,202,Wii,25103
10,2009-04-21,PoCOATs1xqD61FzwY,203,Wii,25103
2,2009-04-24,ibIB12P5,204,Wii,25103
3,2009-05-02,knZxW,205,Wii,25103
4,2009-05-08,S4zQCFXhOPexsC,206,Wii,25103
1,2009-05-10,zu2J5qhCTKMYKfG56F8z,207,Wii,25103
5,2009-05-10,PeVjMJA,208,Wii,25103
7,2009-05-15,UzRLbAqgz9z7bD8n,209,Wii,25103
7,2009-05-20,1biKRtwrzL64Un2ln,210,Wii,25103
5,2009-05-26,zSRmbnKcxXBnfL2B,211,Wii,25103
6,2009-05-30,bsbr8PcZpT,212,Wii,25103
3,2009-05-31,mX201dD9jI,213,Wii,25103
10,2009-06-03,pGL4wZ,214,Wii,25103
5,2009-06-11,TAz8vGvZLuHmLccg,215,Wii,25103
4,2009-06-16,UdDNbX2kFGpP3YcIq,216,Wii,25103
2,2009-06-18,IjzS5iwKgS1Pk7,217,Wii,25103
9,2009-06-18,KFIPCo,218,Wii,25103
4,2009-06-25,snZjdPe4UWR,219,Wii,25103
3,2009-07-01,kVq4rCxOgA422,220,Wii,25103
7,2009-06-30,N0spelFQ,221,Wii,25103
8,2009-07-07,odZsJ,222,Wii,25103
9,2009-07-13,60F7lxoadBi,223,Wii,25103
3,2009-07-17,CTRLvrIkjmmGj0yCsl,224,Wii,25103
8,2009-07-18,NzBzV,225,Wii,25103
8,2009-07-23,AQjDB,226,Wii,25103
4,2009-07-27,u8jeOTZCg,227,Wii,25103
6,2009-07-31,CmH9YlqdBFDaWEkplgn,228,Wii,25103
2,2009-08-03,iG7jc,229,Wii,25103
2,2009-08-09,2r3myLH61KZiHh,230,Wii,25103
5,2009-08-11,idZZH2a3A,231,Wii,25103
5,2009-08-15,UPbyeWFUc2WREW0q,232,Wii,25103
6,2009-08-21,X67Gz2uTmW,233,Wii,25103
1,2009-08-23,XOqff,234,Wii,25103
4,2009-08-29,cWDj2DAjWRoOW7zue4,235,Wii,25103
7,2009-08-29,y6U3js9mGdk,236,Wii,25103
9,2009-09-05,SHilx5,237,Wii,25103
7,2009-09-05,lIeczLzC7a92KH539ibU,238,Wii,25103
10,2009-09-13,7OPFTz4,239,Wii,25103
4,2009-09-14,MMj71xb1eqGnm8QQFXTu,240,Wii,25103
2,2009-09-20,tf92ZzNu,241,Wii,25103
4,2009-09-25,eSKG7uYBVTCayEZVhh,242,Wii,25103
10,2009-09-28,BlTNWIc06HHVNIiJ2BLZ,243,Wii,25103
4,2009-09-28,NvJRy4OzEesiAhCH,244,Wii,25103
8,2009-10-04,hlAYj8K,245,Wii,25103
3,2009-10-05,2glzOWyq9rZN2,246,Wii,25103
4,2009-10-15,bk5TmJPeCudMoRC,247,Wii,25103
2,2009-10-17,j9J2kroV70KQTcTy,248,Wii,25103
9,2009-10-17,n9GTmQw,249,Wii,25103
3,2009-10-22,PGafx,250,Wii,25103
9,2009-10-28,GPMletB44K3BvMIK,251,Wii,25103
10,2009-10-28,5qCPuo2KS3cz,252,Wii,25103
4,2009-11-05,Q8QOybMlS6UCbI,253,Wii,25103
3,2009-11-09,2xG7hlObLnz1e0x,254,Wii,25103
4,2009-11-11,6VuY4JruZE6GMi9fr,255,Wii,25103
5,2009-11-18,ENfyMUJySMeHQRZQC6,256,Wii,25103
9,2009-11-19,QfewHsW51nc8FAAr,257,Wii,25103
8,2009-11-22,Akf4zcwBbb0vJWtyie1c,258,Wii,25103
2,2009-11-25,sBH0bl9FZRB,259,Wii,25103
4,2009-11-28,t72l1,260,Wii,25103
6,2009-12-04,DjTfWdcKcHxZ,261,Wii,25103
2,2009-12-06,KqQE0IbtQ,262,Wii,25103
5,2009-12-14,6xirfhkvTkGpG,263,Wii,25103
1,2009-12-16,S8B3hWr5FMUQ,264,Wii,25103
1,2009-12-22,EmB5gyPlEbAxGcRKcf,265,Wii,25103
1,2009-12-23,qa4ojArj,266,Wii,25103
5,2009-12-28,WJpCB,267,Wii,25103
1,2009-12-29,i9d9SXH4ri6IokA3q,268,Wii,25103
2,2010-01-02,pS3ODaCahEhtLv,269,Wii,25103
8,2010-01-10,XbjYA,270,Wii,25103
2,2010-01-14,ycyv0MeQkH,271,Wii,25103
9,2010-01-20,eZmtBMMZFyA65Gh,272,Wii,25103
7,2010-01-24,bkO37hacH,273,Wii,25103
9,2010-01-23,1XD71,274,Wii,25103
10,2010-01-30,m7y8Pj2bQ,275,Wii,25103
10,2010-01-30,fk1GksYCzT,276,Wii,25103
2,2010-02-06,fU3EVMzEKvVFFcWd,277,Wii,25103
1,2010-02-12,wRnYAPlCp,278,Wii,25103
7,2010-02-13,CYaGBshaG45eVW40i,279,Wii,25103
5,2010-02-14,O8YIodyhc2fGkImL,280,Wii,25103
8,2010-02-19,ZB8jS7KLlCX88T9L,281,Wii,25103
5,2010-02-23,MNTHso0qs5t,282,Wii,25103
10,2010-02-27,zSATNYay,283,Wii,25103
5,2010-03-04,3azIKv4Y8k6,284,Wii,25103
6,2010-03-08,Bgp1NKFtNwvnLA4,285,Wii,25103
2,2010-03-14,vShovg,286,Wii,25103
3,2010-03-18,uJsEeuDe,287,Wii,25103
9,2010-03-22,IC6XlMkesG30RfFqeH,288,Wii,25103
10,2010-03-22,SMKyaKeKgZV65rzzLZXO,289,Wii,25103
1,2010-03-31,89zrl,290,Wii,25103
8,2010-03-30,dDNAlssD3KhQd9,291,Wii,25103
4,2010-04-08,ZTB5NANAhQTD1,292,Wii,25103
10,2010-04-10,Ymwpwpnxh2tpu164btfZ,293,Wii,25103
3,2010-04-13,QuJc0EgzAJJXhIkC,294,Wii,25103
9,2010-04-14,p9ZLRRA3QpRgycYrRot1,295,Wii,25103
7,2010-04-18,fVhpZ,296,Wii,25103
7,2010-04-27,lXfNtM2,297,Wii,25103
3,2010-05-01,oQrLec,298,Wii,25103
7,2010-04-30,eA2oipa,299,Wii,25103
8,2010-05-08,4ZqAcqJsd7,300,Wii,25103
5,2010-05-10,bIiRM,301,Wii,25103
5,2010-05-14,fzpn7thg3zZtMEdLX5W7,302,Wii,25103
3,2010-05-20,4GDbMMoe7TehqPf,303,Wii,25103
5,2010-05-22,3JxaCxC43ivcrjOqJ,304,Wii,25103
10,2010-05-26,aHtdUjF8qO5V,305,Wii,25103
8,2010-05-30,2o5bZ3Jlnr,306,Wii,25103
7,2010-06-01,YdOpIz0U0gMdM,307,Wii,25103
9,2010-06-08,LP8zQ,308,Wii,25103
1,2010-06-11,kF9F9EYLBPo,309,Wii,25103
3,2010-06-16,W7FWkoYHVQ6iKZ8os,310,Wii,25103
1,2010-06-16,qXunNg6gXUMoq5eo,311,Wii,25103
7,2010-06-22,XJwNIPZe5MVeWqcZBuhJ,312,Wii,25103
6,2010-06-28,aLaH5TbGjTAbQ,313,Wii,25103
2,2010-06-29,IPcajc8JvZW,314,Wii,25103
4,2010-07-01,9IC90rDKHhYwwpZQpg,315,Wii,25103
1,2010-07-10,8VgvK3hJxqSWqC,316,Wii,25103
10,2010-07-11,sQ1Wmjvpgw1jyC,317,Wii,25103
2,2010-07-16,AFxhJw,318,Wii,25103
2,2010-07-22,xcpcAB,319,Wii,25103
10,2010-07-23,XmmTRJG,320,Wii,25103
7,2010-07-28,9ZDxFzYiSta,321,Wii,25103
8,2010-07-30,1HJnj4PV,322,Wii,25103
1,2010-08-04,RtMBNiiiXig6VMzZP7u,323,Wii,25103
1,2010-08-07,8BVeMdt5le5Gu,324,Wii,25103
3,2010-08-11,WIr3rOFN169DNjOu,325,Wii,25103
5,2010-08-14,uPGobZP9MRd,326,Wii,25103
10,2010-08-19,wskVtyN,327,Wii,25103
7,2010-08-22,xlBVYOXuxYfzVFUn,328,Wii,25103
9,2010-08-23,wTg4VLSuHN4O,329,Wii,25103
2,2010-08-31,7778u,330,Wii,25103
5,2010-09-06,sxxavSna6h,331,Wii,25103
7,2010-09-09,myFI74qwzAO7,332,Wii,25103
9,2010-09-12,H7lRrUnqOhRIC32xDhu,333,Wii,25103
10,2010-09-15,JgFdwD0WI,334,Wii,25103
2,2010-09-17,rpNcUEKIJQrP,335,Wii,25103
6,2010-09-22,WAX04m82OS5Vh,336,Wii,25103
4,2010-09-26,IUc9R8OiowTtrbq,337,Wii,25103
8,2010-09-30,v34xYz9P7Suu,338,Wii,25103
10,2010-10-07,ZHwjcSLps8kaqJ0xGDUQ,339,Wii,25103
9,2010-10-05,lNVd840Fu,340,Wii,25103
3,2010-10-13,U6FDfBf0wQygDwi,341,Wii,25103
9,2010-10-16,pzfdXgbRNOwT9,342,Wii,25103
9,2010-10-18,brs0oUrN7j,343,Wii,25103
4,2010-10-21,hDmFJitbCoezR,344,Wii,25103
8,2010-10-30,LG2XG2,345,Wii,25103
6,2010-10-28,BK5l8fq5e,346,Wii,25103
2,2010-11-07,YYSdezcY,347,Wii,25103
9,2010-11-07,eGChJXoD,348,Wii,25103
5,2010-11-15,i0LFwgdCrsgDr092,349,Wii,25103
8,2010-11-18,ij69OYrD7FPH05cN,350,Wii,25103
3,2010-11-22,iltSYhkN,351,Wii,25103
8,2010-11-22,xUTVJXBsdVkb9zc1aj,352,Wii,25103
9,2010-11-28,EEBo3TPA,353,Wii,25103
6,2010-12-05,OtopUPsL3L6HYERpBk,354,Wii,25103
1,2010-12-05,iL9iu2gvXP,355,Wii,25103
7,2010-12-11,32z0U2v8WPK,356,Wii,25103
3,2010-12-14,RmsB4mZNMoAwWH3VoOxT,357,Wii,25103
5,2010-12-19,wyurCfKY5nZPVYwf6a,358,Wii,25103
6,2010-12-19,7MoUMYnKbUDfbzzU09Ob,359,Wii,25103
1,2010-12-26,6NyzcOeiyihol,360,Wii,25103
6,2011-01-01,jtoA66Dm6fs8N1dAmrov,361,Wii,25103
6,2011-01-04,1zQX9kTo17vrC,362,Wii,25103
4,2011-01-08,GREa2eFFRaUyNBqKN,363,Wii,25103
5,2011-01-09,VmD36Qm3PVqoaOb,364,Wii,25103
1,2011-01-13,xlfHPx,365,Wii,25103
3,2011-01-18,Sty21xZeTpMb,366,Wii,25103
2,2011-01-21,r1ixqx6xXT,367,Wii,25103
4,2011-01-27,oCJU5,368,Wii,25103
9,2011-01-29,zmliMmb0BO41Sp,369,Wii,25103
3,2011-02-01,Hl9VbdCcIQVBWhuPCq,370,Wii,25103
7,2011-02-07,KFM6R4Gd,371,Wii,25103
7,2011-02-13,rozDMyu7S,372,Wii,25103
5,2011-02-13,abAjxDy9F,373,Wii,25103
2,2011-02-17,Mh12hY2xCHgY,374,Wii,25103
3,2011-02-20,epjQUt9XaSOJ,375,Wii,25103
6,2011-02-23,YYKop7uiPAAxNbua,376,Wii,25103
3,2011-02-26,aPYk4dY3p6rWxNXLC,377,Wii,25103
4,2011-03-05,7dkQGJ2VaDVLVO,378,Wii,25103
6,2011-03-07,ltAGGWZ,379,Wii,25103
1,2011-03-13,tOyOhYwDwXsWS,380,Wii,25103
4,2011-03-15,NNQaII,381,Wii,25103
7,2011-03-20,FFQJeWXQmmJ,382,Wii,25103
5,2011-03-22,I6cVVnyZyU0IfqG,383,Wii,25103
7,2011-03-29,mT3iDpEAHKAUSLP,384,Wii,25103
3,2011-04-03,7Zfte9WTwAtnSyz6e,385,Wii,25103
4,2011-04-08,zXPpBOjsmSFdbEmsb,386,Wii,25103
7,2011-04-10,b69crsRM0h,387,Wii,25103
8,2011-04-13,khuIO7SiOk09t,388,Wii,25103
1,2011-04-16,N6DNwh,389,Wii,25103
5,2011-04-19,mJTyAfwU8jjt8,390,Wii,25103
5,2011-04-23,2v2zZGIbHlCgAfiWx,391,Wii,25103
2,2011-04-30,jHUD9gUHSmoH4iIw,392,Wii,25103
9,2011-05-02,7OBERw7ZQBW,393,Wii,25103
7,2011-05-04,k6fqV1A9o8JU,394,Wii,25103
7,2011-05-12,vCnJs5Y,395,Wii,25103
9,2011-05-14,j2ozQtcLDn,396,Wii,25103
9,2011-05-15,tYL7qAF,397,Wii,25103
2,2011-05-21,PBcRtmTGahX3zOb2Vm,398,Wii,25103
5,2011-05-25,cJm72H,399,Wii,25103
6,2011-05-29,HXNFj,400,Wii,25103
6,2011-06-04,PDj2arq6Fpl4FpEYlrS,401,Wii,25103
4,2011-06-05,dratIDW,402,Wii,25103
6,2011-06-08,7oH6oh2ng,403,Wii,25103
3,2011-06-11,2XI7qOmdb,404,Wii,25103
8,2011-06-21,RGyc88yKCTbZ1,405,Wii,25103
6,2011-06-22,VPxxozIl9,406,Wii,25103
7,2011-06-26,MIpgof7y6PKQ,407,Wii,25103
8,2011-06-28,uMjqKj4XQXWO,408,Wii,25103
6,2011-07-03,HPI4jZY74t,409,Wii,25103
8,2011-07-08,SlgNwzCK4A6j,410,Wii,25103
5,2011-07-10,8FkdjEAspnDQpiKs,411,Wii,25103
4,2011-07-12,ecCb3,412,Wii,25103
6,2011-07-19,3YYnE,413,Wii,25103
5,2011-07-23,PPonJ,414,Wii,25103
6,2011-07-27,zGtoX7BvyOihPH,415,Wii,25103
3,2011-07-28,wKeHL,416,Wii,25103
3,2011-08-07,NzETcb2PGbYVC1b,417,Wii,25103
5,2011-08-09,RGuxB7MtcxRhvG9oFi,418,Wii,25103
8,2011-08-10,wFrSiCaeE22dMM,419,Wii,25103
3,2011-08-15,GMfppBdUryyg,420,Wii,25103
5,2011-08-16,WdyL4pi4TBTOw,421,Wii,25103
9,2011-08-24,YY0vDS1JIFpg4cG1E9Ue,422,Wii,25103
2,2011-08-24,xj8mdGT8H39UD,423,Wii,25103
2,2011-08-28,WjzCvg,424,Wii,25103
3,2011-09-05,ZreazOtaiyL1,425,Wii,25103
7,2011-09-08,IKDGrrYhSdD4sPYDhf,426,Wii,25103
3,2011-09-08,79uhfN,427,Wii,25103
9,2011-09-17,OuOsUJOsouW0xtVTG,428,Wii,25103
5,2011-09-22,FBTdHzM9S,429,Wii,25103
4,2011-09-22,irqUk4s,430,Wii,25103
4,2011-09-25,ouDBJ,431,Wii,25103
5,2011-09-30,muv2fby,432,Wii,25103
6,2011-10-04,4FkOBaiZfn,433,Wii,25103
4,2011-10-07,AXDZinZ0gVNKuRdkZoC,434,Wii,25103
8,2011-10-10,HLI23Sb2bR0I,435,Wii,25103
6,2011-10-18,ldiYixHQsQ,436,Wii,25103
5,2011-10-22,BTMa9,437,Wii,25103
9,2011-10-21,lvVA44oV,438,Wii,25103
4,2011-10-26,Qn9rW,439,Wii,25103
4,2011-11-02,t9G7DnO,440,Wii,25103
4,2011-11-02,VadQRyq,441,Wii,25103
7,2011-11-08,fOMMO29CRWxae1c2,442,Wii,25103
9,2011-11-10,CrLegDe,443,Wii,25103
7,2011-11-19,Dw8EkzHxoKxiRY,444,Wii,25103
4,2011-11-23,xVE3c,445,Wii,25103
4,2011-11-25,87QEJ,446,Wii,25103
5,2011-11-25,DVhXXKw1,447,Wii,25103
8,2011-12-01,OzfiLGSme3stshuY,448,Wii,25103
9,2011-12-09,8MLV32Uf2HLR7xyQbuuy,449,Wii,25103
5,2011-12-09,C37yINn68lZqwL,450,Wii,25103
4,2011-12-15,wUsdjEdSkXmzRcmCxA,451,Wii,25103
8,2011-12-18,yh7NNRM8zx,452,Wii,25103
3,2011-12-24,I8H4ND06ac0,453,Wii,25103
4,2011-12-24,4Jpo7u8rcd,454,Wii,25103
5,2012-01-01,3cRGBKTbTR44okU,455,Wii,25103
2,2012-01-01,MBlFeUTxQJjgITAwc,456,Wii,25103
5,2012-01-06,9tMS2IMhu6QK0,457,Wii,25103
4,2012-01-13,UzDWg,458,Wii,25103
6,2012-01-16,kTlppxAy5pv,459,Wii,25103
9,2012-01-16,7xrtLFxcLHR3B7D9w,460,Wii,25103
9,2012-01-24,cNawz5PSmotRJjhdV,461,Wii,25103
3,2012-01-25,3DtQ6CvfUlwi6,462,Wii,25103
2,2012-01-31,Vf0ZLYLlnzFmaRFt,463,Wii,25103
9,2012-02-03,Q7UZSIDHnCd,464,Wii,25103
2,2012-02-09,XiAcwRwdNZqA,465,Wii,25103
2,2012-02-08,6TPPgrB,466,Wii,25103
5,2012-02-15,qCQANz5FWPeQ,467,Wii,25103
3,2012-02-21,6sJ9DDlpVJZKm,468,Wii,25103
7,2012-02-25,1SDsJm2wI3W3EZUVLXvu,469,Wii,25103
4,2012-02-23,Fl5JrIza5AIb,470,Wii,25103
2,2012-03-01,Yr5Ib,471,Wii,25103
3,2012-03-04,ROumDa,472,Wii,25103
5,2012-03-07,xawrh,473,Wii,25103
4,2012-03-13,iyenPDcGnCF42P,474,Wii,25103
5,2012-03-15,u4VCzy,475,Wii,25103
7,2012-03-18,fwBzW,476,Wii,25103
7,2012-03-26,SMLTXOEnV8anEs,477,Wii,25103
3,2012-03-29,kPTQQG948,478,Wii,25103
9,2012-03-31,3Mtcf,479,Wii,25103
6,2012-04-07,I3tXUnKCUCVL4bqSXJG,480,Wii,25103
3,2012-04-10,wxnfN6ks0,481,Wii,25103
4,2012-04-10,XpnxyYQJnu5u5CIw,482,Wii,25103
7,2012-04-16,NEyCyQI7S41VmqQL8,483,Wii,25103
8,2012-04-19,Ufc7kmYFEyTlN1HH,484,Wii,25103
2,2012-04-27,H6LPA,485,Wii,25103
5,2012-04-28,3LnlNtgKC,486,Wii,25103
8,2012-04-29,Tjwcey9KeK2fX34E2zra,487,Wii,25103
5,2012-05-06,4zmjImY5Z11x84YMrL6,488,Wii,25103
2,2012-05-07,MUsyoA4FOgrIwM4O9g,489,Wii,25103
4,2012-05-16,xUeO9,490,Wii,25103
9,2012-05-14,TSQRcN0LEl5k,491,Wii,25103
6,2012-05-18,Bp4s6vC,492,Wii,25103
7,2012-05-22,YZlrbt,493,Wii,25103
3,2012-05-26,R8FoFpwg20ZlkTn80,494,Wii,25103
4,2012-06-02,1EKQiXt4X8zXexB,495,Wii,25103
3,2012-06-05,S18KPdmIlIxgh72TwPyn,496,Wii,25103
9,2012-06-09,Mm1KEIZ,497,Wii,25103
8,2012-06-12,eAS4OaqDhaIz8,498,Wii,25103
3,2012-06-20,dQgeJ3y5KOFd0po1,499,Wii,25103
9,2012-06-23,Ul1GETShBpdv7W3ltEet,500,Wii,25103
3,2012-06-27,RWYQ2e63rxhitSXbazY,501,Wii,25103
8,2012-06-27,PAFEexqP,502,Wii,25103
5,2012-07-02,9bTz3dTdymCEambEv6P9,503,Wii,25103
4,2012-07-06,HmYx2vOeq,504,Wii,25103
9,2012-07-14,vkIihL,505,Wii,25103
8,2012-07-15,m03UUO0kk4elNzmUZvm,506,Wii,25103
4,2012-07-19,UYZ6Jc7R,507,Wii,25103
7,2012-07-25,dVQIX,508,Wii,25103
6,2012-07-25,OpkE5HNv9zOgj4mey,509,Wii,25103
7,2012-07-27,4OKkx1VBJ0vQvQ4im,510,Wii,25103
5,2012-08-03,HWsL4NQDfLpmlyA,511,Wii,25103
3,2012-08-06,5vfl4DIAno4cK,512,Wii,25103
4,2012-08-12,oSNgNxR2PifPBrBBH,513,Wii,25103
9,2012-08-18,kt7tSz3wDnBmUTx,514,Wii,25103
7,2012-08-19,ZKHL0fwO,515,Wii,25103
3,2012-08-20,V3qdKw,516,Wii,25103
5,2012-08-23,wcWQ4H,517,Wii,25103
3,2012-09-02,MWyUd,518,Wii,25103
7,2012-09-04,CfdiAU62IYr7YPgbxrK,519,Wii,25103
7,2012-09-09,qimqmSJR,520,Wii,25103
7,2012-09-13,igl6PyGVsrZ4s61,521,Wii,25103
3,2012-09-14,aBmj4V87GozssZ,522,Wii,25103
3,2012-09-18,LvuJthJLgH1T,523,Wii,25103
9,2012-09-22,HQrCB8Gp,524,Wii,25103
4,2012-09-23,zoR8ACAvt52b92p,525,Wii,25103
3,2012-10-02,QO6rhiOidIe5U,526,Wii,25103
4,2012-10-07,b7truENXORbiT1u2TO,527,Wii,25103
4,2012-10-11,T0gnFrkL,528,Wii,25103
6,2012-10-14,hRvKq5DXDqRgLnU6CI,529,Wii,25103
4,2012-10-17,nGr9iCgkfejiLh,530,Wii,25103
3,2012-10-17,xmwyYrWuHwPdYXUA,531,Wii,25103
3,2012-10-27,KwIXG69ZHE,532,Wii,25103
7,2012-10-28,vJQWlT0ZIttWi3GDoHBZ,533,Wii,25103
9,2012-11-02,2JXl1T0Oij,534,Wii,25103
6,2012-11-01,r9DD9IFXs2OC7BiyVA,535,Wii,25103
6,2012-11-10,OEMI6G,536,Wii,25103
5,2012-11-10,opufutzz,537,Wii,25103
6,2012-11-14,nniwkTHPzQ,538,Wii,25103
6,2012-11-23,n7oQ5WrnA5ShaVKQa,539,Wii,25103
6,2012-11-26,VBmVRa7EqP63Irt,540,Wii,25103
9,2012-11-28,JqBtE,541,Wii,25103
5,2012-11-30,6HuNYWIeiVoHUA,542,Wii,25103
7,2012-12-07,apitA,543,Wii,25103
4,2012-12-09,V9B3nXOoglzKxo1NDmnk,544,Wii,25103
8,2012-12-15,qWbQxKasDNxd4awH,545,Wii,25103
5,2012-12-20,Pdc4otrDwlO3Q8PHu,546,Wii,25103
9,2012-12-22,rmETTv,547,Wii,25103
8,2012-12-24,Gx83RQrw0PxFh8iNLr5m,548,Wii,25103
5,2013-01-01,tdWgfe,549,Wii,25103
5,2013-01-01,ef5bmT84b,550,Wii,25103
5,2013-01-04,EEAOGYkzEB,551,Wii,25103
8,2013-01-08,0mEcEPM8isKmCYLhWLV,552,Wii,25103
7,2013-01-11,s8ZWT,553,Wii,25103
4,2013-01-15,GbVU2Ylr0pEg9,554,Wii,25103
7,2013-01-24,gZ0L46,555,Wii,25103
9,2013-01-22,7ngHKo0,556,Wii,25103
6,2013-01-31,Vs17PkKROVXEAE,557,Wii,25103
4,2013-02-05,aUVAKjzTQl0ZMkL2oI,558,Wii,25103
9,2013-02-03,vBMmz,559,Wii,25103
8,2013-02-10,H3pIiChONt5zBKuW,560,Wii,25103
9,2013-02-15,9XiVY6,561,Wii,25103
6,2013-02-20,X5Aa5tV,562,Wii,25103
8,2013-02-24,PbKj0DZpv,563,Wii,25103
8,2013-02-27,KJnB0cpPBXEc,564,Wii,25103
8,2013-03-03,MdYToPoWG,565,Wii,25103
8,2013-03-06,0TRhbsXYfPWyd,566,Wii,25103
9,2013-03-12,UV2SDjRhSDU4v7Z,567,Wii,25103
4,2013-03-11,IZMPn,568,Wii,25103
8,2013-03-13,LXxg8FovQupSa9SIS,569,Wii,25103
8,2013-03-18,GhfG2ry,570,Wii,25103
9,2013-03-22,M6HVa2BUGlvz,571,Wii,25103
4,2013-03-29,Zo3JVnB,572,Wii,25103
5,2013-03-29,jW3nEF,573,Wii,25103
4,2013-04-04,yGlDt1fBxMIovO5q,574,Wii,25103
5,2013-04-10,jxQSUwg3Jh2m4DXt7Do,575,Wii,25103
9,2013-04-13,VXIdp3Tche3zq5,576,Wii,25103
9,2013-04-14,qk55aPmvjJ,577,Wii,25103
9,2013-04-21,LIaxstuC1mLax,578,Wii,25103
8,2013-04-21,3DMJk8U52RmNJNL3xy,579,Wii,25103
6,2013-04-27,8Cu5T56M8zzfqVdNqA,580,Wii,25103
5,2013-05-01,ianRENS,581,Wii,25103
4,2013-05-06,LOqEUzZoOatTKZkTnhl,582,Wii,25103
6,2013-05-13,pjgyliOnLnABh,583,Wii,25103
4,2013-05-17,8R1BCHMvHc9r,584,Wii,25103
8,2013-05-19,mh63Um,585,Wii,25103
6,2013-05-19,obAnxpdOOC4CbymeVPu,586,Wii,25103
7,2013-05-22,4TLmd2dflt5wN,587,Wii,25103
8,2013-05-30,x23lS,588,Wii,25103
7,2013-06-02,T6TyuuJQvCk,589,Wii,25103
5,2013-06-05,2u37vEMxw7,590,Wii,25103
7,2013-06-11,ntJEkqNylZUpM5f,591,Wii,25103
6,2013-06-14,NvKtXfBamw16BwS,592,Wii,25103
4,2013-06-21,zoAGsjQ3ifOhlhidBFp,593,Wii,25103
6,2013-06-22,Ennwt,594,Wii,25103
5,2013-06-26,bSl41s,595,Wii,25103
5,2013-07-01,Vk9hrPl4d,596,Wii,25103
6,2013-06-30,uzK8Q9Hd,597,Wii,25103
5,2013-07-10,EP5SyVkyamsi6jNm,598,Wii,25103
7,2013-07-14,FnPPbOSdsWgCtX1n,599,Wii,25103
5,2013-07-18,pCEm5eSH,600,Wii,25103
6,2013-07-19,lZYEi69,601,Wii,25103
8,2013-07-26,regoeZe9Pma87zu,602,Wii,25103
5,2013-07-29,p0Tnk,603,Wii,25103
8,2013-07-27,jmYYEMB4hjYAAjrfs5j,604,Wii,25103
8,2013-08-05,GLoTmgKVbSl6FB6yzB,605,Wii,25103
7,2013-08-09,OxMlqBJBnjQw11vS2AIJ,606,Wii,25103
4,2013-08-13,noS1F6q7F,607,Wii,25103
4,2013-08-14,1K2KVJ6qwG6dw,608,Wii,25103
7,2013-08-18,cNMrphOnrcCZitN,609,Wii,25103
8,2013-08-25,w7tvFAyvg,610,Wii,25103
7,2013-08-30,govtjk9qf,611,Wii,25103
5,2013-09-02,JiWwrBkO43i,612,Wii,25103
6,2013-09-04,LCnJTCcJNeC,613,Wii,25103
5,2013-09-08,gzMMdGGiEdn1vqX4,614,Wii,25103
7,2013-09-14,Q2cVbPicyqNiCUx,615,Wii,25103
5,2013-09-12,wkkgdEpw15fNs8xVQ,616,Wii,25103
6,2013-09-22,9ccXHBd,617,Wii,25103
6,2013-09-21,34pZlP6w3Kltol,618,Wii,25103
6,2013-09-24,tj6ZNq3B63OJN1i5An,619,Wii,25103
8,2013-09-30,FpeayhxbRrW,620,Wii,25103
6,2013-10-08,ClnUBW4Fq8FYRn2D7nkV,621,Wii,25103
4,2013-10-07,erZnYuzX,622,Wii,25103
6,2013-10-13,zWaLWA650qy4eYVG,623,Wii,25103
5,2013-10-15,W7L8nTZ,624,Wii,25103
8,2013-10-23,RVcU0fbWiyAd,625,Wii,25103
7,2013-10-24,cVYMS,626,Wii,25103
7,2013-10-29,JlgbgQD4KzQQUib,627,Wii,25103
4,2013-11-01,q46VuZ4dPHSYo,628,Wii,25103
8,2013-11-08,oW65mky,629,Wii,25103
4,2013-11-06,Ta7hesN3Atscm,630,Wii,25103
7,2013-11-11,z9DJHRb,631,Wii,25103
5,2013-11-15,dxM0uffw,632,Wii,25103
7,2013-11-23,uFrAQsL,633,Wii,25103
5,2013-11-27,AdpJu,634,Wii,25103
6,2013-11-27,ml6N28,635,Wii,25103
4,2013-11-30,SLGlHV3uohHLEU,636,Wii,25103
6,2013-12-07,pVU95aGMf38AeqV38K,637,Wii,25103
6,2013-12-10,OigRqVqPVTQYWUJUXY,638,Wii,25103
4,2013-12-11,cQDm2jr44qRyu4,639,Wii,25103
7,2013-12-19,KPkeqLM,640,Wii,25103
5,2013-12-21,czeeVqr3XN0DV1CI,641,Wii,25103
5,2013-12-22,mVEccva69643Oj44F,642,Wii,25103
8,2013-12-27,MBhJ7l5forhQo3,643,Wii,25103
7,2014-01-03,c9lFnszuKPM,644,Wii,25103
4,2014-01-05,Om1ADfQeF,645,Wii,25103
4,2014-01-09,CJw7N,646,Wii,25103
6,2014-01-12,gU3UT81nERFG1a,647,Wii,25103
7,2014-01-20,Dnl2mjsUQHiQv,648,Wii,25103
5,2014-01-21,We1OxcZlYGZHoZumtMr,649,Wii,25103
5,2014-01-28,zrLRSw36p,650,Wii,25103
4,2014-01-29,kkm4yOyL68La6,651,Wii,25103
4,2014-01-30,68AwImNNT0LN8GLBN,652,Wii,25103
4,2014-02-04,lzR8FfTjqM,653,Wii,25103
5,2014-02-09,491mo5VkrDzIwh1uS4,654,Wii,25103
6,2014-02-16,GVbwxcRzlY,655,Wii,25103
5,2014-02-20,B2RlSIQqTcBjOotW,656,Wii,25103
8,2014-02-25,lAHLAdNdkq836,657,Wii,25103
6,2014-02-28,M47tPj,658,Wii,25103
5,2014-02-28,e6YqycbniPrCnKDry,659,Wii,25103
5,2014-03-08,ToQ2J3uIPjE6,660,Wii,25103
7,2014-03-10,j7MI9aRZ5,661,Wii,25103
8,2014-03-10,4zOjEc3NzvE,662,Wii,25103
5,2014-03-16,whNZLzuBtak3mX,663,Wii,25103
8,2014-03-24,G8bzTVuiV1FCp,664,Wii,25103
6,2014-03-25,kqLQHvBpeYErf0AvFS,665,Wii,25103
8,2014-03-29,fOatiSqLC2A,666,Wii,25103
8,2014-04-01,r7OMcXLHlB,667,Wii,25103
4,2014-04-08,s4VNPi7d1gDtMA0,668,Wii,25103
6,2014-04-08,PQGbnCM8o,669,Wii,25103
8,2014-04-15,2LkQfyOqVwUJPfv6JBu5,670,Wii,25103
5,2014-04-16,W5Yglb9,671,Wii,25103
4,2014-04-18,TAboXL9YFSKQNG,672,Wii,25103
7,2014-04-25,NBLznTzG63DXaIS6G,673,Wii,25103
7,2014-04-27,DEKZwfGuufwRG5,674,Wii,25103
5,2014-05-03,xctRLDJfyT,675,Wii,25103
7,2014-05-06,itZiZUp2veItVUhx,676,Wii,25103
6,2014-05-09,HMRejRmQhmXPMR,677,Wii,25103
5,2014-05-14,aR4SraoCBb,678,Wii,25103
8,2014-05-17,Kz7yObJ,679,Wii,25103
6,2014-05-22,zoyTnWgN,680,Wii,25103
5,2014-05-24,Q0yCioOI,681,Wii,25103
6,2014-06-02,HHcOwxjbNfH4V,682,Wii,25103
5,2014-06-05,muTC3bm,683,Wii,25103
5,2014-06-10,9iylJSfzbZjreEQPDDZm,684,Wii,25103
8,2014-06-11,UHYs9EkbqLuTxAh2Tg,685,Wii,25103
8,2014-06-11,fYgE3w,686,Wii,25103
7,2014-06-20,4TiHljVFYL,687,Wii,25103
6,2014-06-22,7lwOoYoUecqAbjw,688,Wii,25103
8,2014-06-26,H7u0GZrX,689,Wii,25103
6,2014-07-01,ZWGNz,690,Wii,25103
7,2014-07-02,JlnLaHIQ8CwVd8xt1gu,691,Wii,25103
4,2014-07-08,ARhv3nceZihTjo2J,692,Wii,25103
4,2014-07-09,G9LBCp,693,Wii,25103
4,2014-07-14,mgv5e,694,Wii,25103
8,2014-07-17,Eg6dhJtvi,695,Wii,25103
7,2014-07-22,Zq354doG7w,696,Wii,25103
5,2014-07-30,RasQ437pyuRE23d9,697,Wii,25103
5,2014-08-01,m1U9KE,698,Wii,25103
6,2014-08-07,He26p0TrP8uwLsTA7Es,699,Wii,25103
5,2014-08-08,ADGtgD,700,Wii,25103
8,2014-08-15,kLHlvDRsZVCx4AVIiT,701,Wii,25103
5,2014-08-17,ldQP7szJyWFbmHz2,702,Wii,25103
7,2014-08-19,Ji9lH9I1ksPdvkWorh,703,Wii,25103
5,2014-08-26,kE9tOrMg3,704,Wii,25103
7,2014-08-24,t6xfUxvY75gfy6qeLG,705,Wii,25103
5,2014-08-29,c4y7UiPLxjbkfM,706,Wii,25103
5,2014-09-05,SmoWZU9YCnUSHRT,707,Wii,25103
8,2014-09-07,EMnUKvAhxJnfjJ,708,Wii,25103
6,2014-09-09,QrlK7FUsDVk1v,709,Wii,25103
8,2014-09-19,c9aavO,710,Wii,25103
5,2014-09-17,6THiTzopLDNj,711,Wii,25103
7,2014-09-24,KXVBLrYOig,712,Wii,25103
8,2014-09-27,op0Qpltqq3bw,713,Wii,25103
5,2014-10-03,5OVrNBv,714,Wii,25103
8,2014-10-06,JgkAeQFRw9E,715,Wii,25103
8,2014-10-12,Xew1Bn,716,Wii,25103
6,2014-10-16,OdYast,717,Wii,25103
8,2014-10-20,hcyqVZ,718,Wii,25103
7,2014-10-20,vWAYYjZXhkNv458QNa,719,Wii,25103
8,2014-10-27,58DnbbBnq4dfhkSb,720,Wii,25103
7,2014-10-30,Fay2KG,721,Wii,25103
5,2014-11-04,hXZlNfgr3o7R,722,Wii,25103
5,2014-11-02,gaVWzIcQezo0WT7r88,723,Wii,25103
8,2014-11-06,uyaPjRYkHi,724,Wii,25103
8,2014-11-14,DTA9FyoApz80c7z1C,725,Wii,25103
6,2014-11-15,zvPt97Km8NF53,726,Wii,25103
5,2014-11-18,BCCEVBVq2Jnrkw,727,Wii,25103
8,2014-11-23,dfrgcI5qz,728,Wii,25103
6,2014-11-27,jGKHSvCkHzSnN4Eo0y,729,Wii,25103
6,2014-11-29,kTdyyaw5RKrY7OEoTLdP,730,Wii,25103
8,2014-12-07,B90HozdLmPDAV1XWU,731,Wii,25103
8,2014-12-09,2kD3G1n,732,Wii,25103
5,2014-12-17,7FMsEeKPIyqIS0Mgsx,733,Wii,25103
5,2014-12-18,aSKxea4Edr2F,734,Wii,25103
7,2014-12-20,hwrvuNu3poxK,735,Wii,25103
6,2014-12-24,YiwkbRn,736,Wii,25103
8,2014-12-29,ZpVA5GnAVCYNSWpKcQs,737,Wii,25103
6,2014-12-30,lzVOSnPCkXtV86P,738,Wii,25103
6,2015-01-04,eJiGCzIBJGMWfPjBEno,739,Wii,25103
7,2015-01-13,41gTzwt,740,Wii,25103
7,2015-01-14,iFUkdEUwnkmo,741,Wii,25103
7,2015-01-16,VYBH0t,742,Wii,25103
5,2015-01-25,O2FVdO9adN49tFq56c,743,Wii,25103
6,2015-01-25,F3oRMVloyEjYHq,744,Wii,25103
7,2015-01-28,UejDosH8MSJw2M,745,Wii,25103
6,2015-01-31,dqO47,746,Wii,25103
7,2015-02-06,ddcpw5cZp2LIr1V2n,747,Wii,25103
7,2015-02-11,JxTOLn2vojY24O,748,Wii,25103
7,2015-02-14,3uGtRdSrMmay,749,Wii,25103
7,2015-02-19,vdPvWr5pYRmfD7BhvsL,750,Wii,25103
7,2015-02-25,pdRQ9j2bPWZUGPX,751,Wii,25103
5,2015-02-24,CVivDuRPul0ZS,752,Wii,25103
8,2015-03-02,hYmI3HiBsTRrUH9,753,Wii,25103
8,2015-03-05,0qLV1upo,754,Wii,25103
6,2015-03-09,z0rMSoAM87,755,Wii,25103
7,2015-03-12,EfSXY8isoWuF5r8V0mR4,756,Wii,25103
7,2015-03-18,OBCZ6y03oZTq8,757,Wii,25103
7,2015-03-18,ggiwx,758,Wii,25103
6,2015-03-28,DP1R2PbpDOC3JIS5x9Q,759,Wii,25103
5,2015-04-01,z4QDh1,760,Wii,25103
5,2015-04-05,GbzUZ2s48,761,Wii,25103
7,2015-04-04,nYTjEMJUNff,762,Wii,25103
5,2015-04-11,Sb9qcLec50Yn,763,Wii,25103
8,2015-04-11,We5gBEXW,764,Wii,25103
7,2015-04-19,6B48O,765,Wii,25103
7,2015-04-22,7VcMMM0FlqZ,766,Wii,25103
7,2015-04-26,ebhPgML,767,Wii,25103
5,2015-05-01,w0nsNLFWfdZ,768,Wii,25103
6,2015-05-06,CCv6gz6NFUwg,769,Wii,25103
5,2015-05-06,EOkQTkNM6Wr4C,770,Wii,25103
8,2015-05-10,BnqKteZ65cMr2Qm,771,Wii,25103
7,2015-05-13,Qs6mbraK6EtBUN,772,Wii,25103
7,2015-05-16,DAGTUIOJWiM,773,Wii,25103
7,2015-05-19,kiRdsV8AHqp,774,Wii,25103
7,2015-05-26,b6COYy9rDAkSuw,775,Wii,25103
6,2015-05-31,rqZfYfUsCZblbtv6,776,Wii,25103
8,2015-06-06,fiJIR5qcl05ayj,777,Wii,25103
6,2015-06-04,bnkzU,778,Wii,25103
8,2015-06-14,ZeLFiK7vyKs8AjwyE6,779,Wii,25103
7,2015-06-13,8Y55WFSzANi5Yb,780,Wii,25103
5,2015-06-20,onlSGY2wGYy4fx7S,781,Wii,25103
6,2015-06-21,r9eiMrlcz1xcGYmH6rQ,782,Wii,25103
6,2015-06-23,oTxjzXa,783,Wii,25103
5,2015-07-01,qn9Pdz7kEUVoW76r,784,Wii,25103
5,2015-07-06,9eHLVB,785,Wii,25103
6,2015-07-07,kOYt7tzDRX0KIj9t,786,Wii,25103
8,2015-07-15,pPCAoVqL,787,Wii,25103
6,2015-07-19,xGeLYira,788,Wii,25103
6,2015-07-23,uR3DNFZv3DjHAPD5AOv,789,Wii,25103
6,2015-07-24,gLdZrha2,790,Wii,25103
5,2015-07-24,xUgB95RWhuammZ1us5K6,791,Wii,25103
6,2015-07-28,E64TFKne0DR,792,Wii,25103
7,2015-08-05,moFQbJzgEW7FsKvYycFq,793,Wii,25103
5,2015-08-10,A4rT7lbgIOpgkura,794,Wii,25103
8,2015-08-10,CM2tF18WQjeGZxwZvnF,795,Wii,25103
8,2015-08-13,fNnTBh8Xgea7lVB,796,Wii,25103
6,2015-08-21,9XGY4C2rIj,797,Wii,25103
8,2015-08-23,RoQ51Adn,798,Wii,25103
5,2015-08-27,RByUo4UoTtJ3OQu1t5,799,Wii,25103
6,2015-08-28,9Jj8XKC,800,Wii,25103
6,2015-09-04,f7V2v4Qogod,801,Wii,25103
7,2015-09-07,Uw1Hj2jWhb,802,Wii,25103
8,2015-09-14,OVHbWAOs7kSgZ1ri,803,Wii,25103
6,2015-09-19,wsWMY,804,Wii,25103
6,2015-09-17,UC25dtoRK2338,805,Wii,25103
7,2015-09-24,AVWMgeHfxKV1H,806,Wii,25103
6,2015-09-26,DeeDLsdTDowpV827AwL9,807,Wii,25103
7,2015-10-02,uMWsCpFv1pfw,808,Wii,25103
5,2015-10-05,VHW0mpQ5xZIr,809,Wii,25103
7,2015-10-06,AK7EMTcE3xQnltQvRMEL,810,Wii,25103
8,2015-10-13,ArlCHtCO,811,Wii,25103
6,2015-10-16,D8yW6S68aHhKYr,812,Wii,25103
7,2015-10-21,PbNqA5t11fcKdi,813,Wii,25103
8,2015-10-24,tLFMDljyjslmNdNr0,814,Wii,25103
6,2015-10-29,4nIPC1Ex1PYSFD6TWV,815,Wii,25103
8,2015-11-04,QLYa1ynJjzEetopP6,816,Wii,25103
8,2015-11-04,PXEm5zXayktap4w4C2,817,Wii,25103
6,2015-11-10,ja2dq1m,818,Wii,25103
6,2015-11-11,PGx9bbx,819,Wii,25103
6,2015-11-18,yoiQ7R,820,Wii,25103
8,2015-11-18,FtojXbseICxaTRQ0D4MS,821,Wii,25103
8,2015-11-24,DtC1XJ3RFlw08kT,822,Wii,25103
6,2015-11-27,bXMOtq1vjzsxixjHH,823,Wii,25103
6,2015-12-02,1x8S4GNQ,824,Wii,25103
7,2015-12-06,TxNTQ8lP,825,Wii,25103
7,2015-12-09,kVFPcArdrxlMe,826,Wii,25103
6,2015-12-14,pA0cLUtjb9,827,Wii,25103
6,2015-12-16,V7H3MCyL,828,Wii,25103
8,2015-12-24,83UwGI7ssNCQo,829,Wii,25103
7,2015-12-23,RUzT3,830,Wii,25103
8,2015-12-28,Xx8FWjxo8eqzRgJKjdeH,831,Wii,25103
7,2016-01-06,lFJiq93IgQUz7,832,Wii,25103
6,2016-01-09,SgR3BYy,833,Wii,25103
7,2016-01-12,dpxcDjaSLS38,834,Wii,25103
6,2016-01-16,4QHiPkTc2b,835,Wii,25103
8,2016-01-19,xQ8b6NQdoFo,836,Wii,25103
6,2016-01-19,j856MqHlyfpg,837,Wii,25103
6,2016-01-28,NUuzQP,838,Wii,25103
8,2016-01-27,mBU7yvWFengS7MrBjvNq,839,Wii,25103
6,2016-02-05,9QGcDa5lQ,840,Wii,25103
6,2016-02-09,RMCpWF3G5CV2y,841,Wii,25103
7,2016-02-11,LJYDz1QZiN9gi,842,Wii,25103
8,2016-02-14,93ogOQzQu9VhtdNRb6,843,Wii,25103
6,2016-02-19,kxw9hl2WJ1xhXScUT,844,Wii,25103
7,2016-02-22,HS3qvaQTLkdNwU6j,845,Wii,25103
6,2016-02-28,7CTKEvTeWYd,846,Wii,25103
7,2016-03-01,qIrsnqkn9,847,Wii,25103
6,2016-03-06,ueLbjEgIC2cNMlK0,848,Wii,25103
6,2016-03-11,a43vqtDJA,849,Wii,25103
6,2016-03-11,NyPvmB,850,Wii,25103
8,2016-03-17,D1yNWtU,851,Wii,25103
8,2016-03-21,dsPdu,852,Wii,25103
8,2016-03-28,zPO8UvzOjHMcU,853,Wii,25103
7,2016-03-28,2HbQSdmZVD27MNJ,854,Wii,25103
6,2016-04-01,xHNnwt,855,Wii,25103
8,2016-04-03,psTIbRR,856,Wii,25103
8,2016-04-09,mFOweJbXh,857,Wii,25103
7,2016-04-15,M48LU,858,Wii,25103
6,2016-04-18,5z9F4,859,Wii,25103
7,2016-04-24,bgXWXmgX8oTjSLNn8Ug,860,Wii,25103
8,2016-04-22,ci1JaAUseEU0ZgpAfxdJ,861,Wii,25103
7,2016-04-25,qu72hOC5uOlSbf,862,Wii,25103
7,2016-04-29,dsgS6,863,Wii,25103
6,2016-05-07,T10Ac8RDFJkey,864,Wii,25103
7,2016-05-08,NK5WW61iL7UelyC1n,865,Wii,25103
7,2016-05-16,fTn9FDQzNHt,866,Wii,25103
6,2016-05-20,BajLaAYTeSo,867,Wii,25103
8,2016-05-22,SfFcTkr4rltm85Mvvm,868,Wii,25103
8,2016-05-26,cf64pmGM9QOtG,869,Wii,25103
7,2016-05-29,L7YFVOJn1MYaMTf3zV1,870,Wii,25103
8,2016-06-03,tMuI1UfVVxhVK7VeD4,871,Wii,25103
8,2016-06-03,j1jfIKmLhX,872,Wii,25103
6,2016-06-09,l6PEx,873,Wii,25103
6,2016-06-13,DdgSJgWbH,874,Wii,25103
6,2016-06-16,Y8Yed6PRKs0hd,875,Wii,25103
8,2016-06-22,nWgkaptHU2X8T2Vu,876,Wii,25103
7,2016-06-23,fxPgXY,877,Wii,25103
6,2016-06-29,V6rgJs3gF9NtZ3I,878,Wii,25103
6,2016-07-02,DOIjbi6YTnyO6uAgRB,879,Wii,25103
8,2016-07-09,6WZS2EjVxhAyxdqGqD,880,Wii,25103
8,2016-07-12,w7KzFiq,881,Wii,25103
8,2016-07-18,qYtEqwv0CCFCmL,882,Wii,25103
8,2016-07-22,4jnFuBf76bTZNDgr,883,Wii,25103
7,2016-07-20,A6ELvAi7Fhg83iV,884,Wii,25103
7,2016-07-30,dBcWiJAQUSHJtCTwp,885,Wii,25103
6,2016-07-28,Az2qSC5,886,Wii,25103
6,2016-08-03,TLsOniaN,887,Wii,25103
6,2016-08-09,8DvZK6ekrmUHbQZ0,888,Wii,25103
8,2016-08-08,JWmcyPgkM7AGn7K9kTn,889,Wii,25103
7,2016-08-13,mviY4qj,890,Wii,25103
8,2016-08-22,eVgf22qBTNMgb,891,Wii,25103
7,2016-08-22,1vwIUYkAL89oQEqvL,892,Wii,25103
7,2016-08-29,z4eSPc8WRxrcXy1,893,Wii,25103
8,2016-09-01,MUG5PB7ECmwJ8,894,Wii,25103
7,2016-09-01,WDMGjKphRAF,895,Wii,25103
8,2016-09-10,vCCWcRnKYAkRzHt1BBvh,896,Wii,25103
8,2016-09-14,sXZyQseS,897,Wii,25103
6,2016-09-12,2MOlsboM,898,Wii,25103
6,2016-09-18,AzjIIAEMm7E,899,Wii,25103
6,2016-09-26,46FagGZNZZwz5oI3C,900,Wii,25103
6,2016-09-29,WG9sZUYvyz,901,Wii,25103
8,2016-09-28,WADeR,902,Wii,25103
6,2016-10-07,f7betbhvdESpE,903,Wii,25103
7,2016-10-08,moKDPF7MoW,904,Wii,25103
7,2016-10-14,gc9yHpExBFe,905,Wii,25103
6,2016-10-18,cjq85rKBS,906,Wii,25103
8,2016-10-20,w6eZod8u,907,Wii,25103
6,2016-10-21,voGdmVz,908,Wii,25103
8,2016-10-28,7ZVt5zvRq5xsInNX,909,Wii,25103
7,2016-10-31,T2WEAnJBGyuAczxFjY0o,910,Wii,25103
6,2016-11-03,tCemAUVLl,911,Wii,25103
6,2016-11-08,a5tUShn,912,Wii,25103
6,2016-11-14,VgZ17o6oI,913,Wii,25103
6,2016-11-19,45ktiuutozg2,914,Wii,25103
6,2016-11-19,M0INQrtybLq92Fp7P9T,915,Wii,25103
7,2016-11-27,E4XarzhK3uZ8BaK4,916,Wii,25103
6,2016-12-01,C4gZbeKYeoRDs3,917,Wii,25103
6,2016-12-01,eFsIPfIyMPI,918,Wii,25103
8,2016-12-07,enhBp9,919,Wii,25103
8,2016-12-07,lCBLqNvfxdmFmh9Q,920,Wii,25103
8,2016-12-12,rLcQRW,921,Wii,25103
7,2016-12-21,sxEpsnTBsRoTw,922,Wii,25103
8,2016-12-20,YBgTf7IcNWM1ptwuMq,923,Wii,25103
8,2016-12-24,UUgoHjHdlUMf,924,Wii,25103
7,2017-01-01,0exd21VvLmPgjAK,925,Wii,25103
7,2017-01-03,hBPdnGqcEB,926,Wii,25103
6,2017-01-06,WRYor0eMsUVMD,927,Wii,25103
8,2017-01-08,CMgTHfYDdeBr1fbUIR,928,Wii,25103
7,2017-01-13,dLppDq8,929,Wii,25103
7,2017-01-19,UXHihE4YLZCq,930,Wii,25103
8,2017-01-20,ECSQyMDyvGxgXYQ2zTD4,931,Wii,25103
8,2017-01-23,xk6xGCGahTW0wm,932,Wii,25103
6,2017-01-29,0DV5PHqmaOzf0,933,Wii,25103
6,2017-02-03,6GXyR4NzvoLy,934,Wii,25103
8,2017-02-09,TapnBgOjECSIM3D1,935,Wii,25103
8,2017-02-11,xfD71mAdi,936,Wii,25103
7,2017-02-13,hsz2E,937,Wii,25103
8,2017-02-21,eLLwhtguZcMJB,938,Wii,25103
8,2017-02-23,QwrcmYMpk,939,Wii,25103
8,2017-02-25,BbT9Dq,940,Wii,25103
7,2017-03-02,DE5bk9,941,Wii,25103
6,2017-03-09,UmwtfmVI,942,Wii,25103
7,2017-03-12,FMcqmh,943,Wii,25103
8,2017-03-14,WEAP3zMsQm4i,944,Wii,25103
6,2017-03-19,XnDmN,945,Wii,25103
6,2017-03-24,FJ9zppqI61j4zqK4k2bA,946,Wii,25103
6,2017-03-23,43aIOI,947,Wii,25103
8,2017-03-26,o2pEErVVu1,948,Wii,25103
8,2017-03-30,jUMeCPnQ8VcVzX,949,Wii,25103
7,2017-04-08,b9LAOFqXrdu,950,Wii,25103
7,2017-04-06,yqDVuZmZBH9UMs,951,Wii,25103
7,2017-04-15,rh3ZM6Cigs1NTupA5ZUM,952,Wii,25103
7,2017-04-17,a3b0AUPl89TUy,953,Wii,25103
6,2017-04-21,7VWeDoQzqChot,954,Wii,25103
6,2017-04-28,Obokq5c39CkiRKmYLrUY,955,Wii,25103
7,2017-05-02,DIY49BVreKB7ARaFX,956,Wii,25103
7,2017-05-06,jjnKypcxB,957,Wii,25103
7,2017-05-10,xjinv69A,958,Wii,25103
6,2017-05-11,svZ89ZrvotCP32pc3,959,Wii,25103
6,2017-05-14,kurEYkUbiRkV646dosdL,960,Wii,25103
6,2017-05-18,8kRPl,961,Wii,25103
6,2017-05-19,AJSs43rUYUDMeVHIEHIX,962,Wii,25103
7,2017-05-24,HHSzfITny5m,963,Wii,25103
7,2017-06-01,FDxYeYZ5n,964,Wii,25103
7,2017-06-03,KNOIPvhri,965,Wii,25103
6,2017-06-05,z9MYwnK48R5zFsrLIR,966,Wii,25103
7,2017-06-10,VP9Lmiqdms,967,Wii,25103
7,2017-06-12,v7MNb3vD,968,Wii,25103
6,2017-06-18,qG8qtRI,969,Wii,25103
7,2017-06-19,87r6FI7f,970,Wii,25103
6,2017-06-26,6HInOdrerQp91aqjikn,971,Wii,25103
6,2017-06-30,4GWb1x6v4xxv2KE,972,Wii,25103
6,2017-07-06,tD5Omd5rvNPbSqxFRJ,973,Wii,25103
7,2017-07-08,YBIW7CD7iDn5ayAK2,974,Wii,25103
6,2017-07-10,MYJ4CJiT1,975,Wii,25103
6,2017-07-18,Rxjk0oecpphjg9ZLzKlg,976,Wii,25103
6,2017-07-20,gpT23PUu,977,Wii,25103
6,2017-07-24,e6qEL0kPpQqDQhfCLc2P,978,Wii,25103
6,2017-07-26,ahlO37i,979,Wii,25103
6,2017-07-29,didOAZ9,980,Wii,25103
6,2017-08-01,J5XWDmI3L3BBhFCua,981,Wii,25103
7,2017-08-09,diqbEei8RRttcZAXVD1,982,Wii,25103
7,2017-08-15,Yz41RUpUDKkFWPhZW,983,Wii,25103
6,2017-08-15,XCnjJ,984,Wii,25103
6,2017-08-18,JPsm0YmmIvcgolUycGNl,985,Wii,25103
6,2017-08-21,M44vJ8UoELDN,986,Wii,25103
6,2017-08-28,IyL916,987,Wii,25103
7,2017-08-28,6VRQp7fC4Eh60UIko1bP,988,Wii,25103
7,2017-09-03,cq2z42h6o4uXR5Mp,989,Wii,25103
7,2017-09-06,LNTdY,990,Wii,25103
6,2017-09-11,4Q7hNe9AjwRUUn36,991,Wii,25103
6,2017-09-13,bdhc0W55FONTF,992,Wii,25103
6,2017-09-22,mcGmDJ89cnKEAtmhlnF,993,Wii,25103
6,2017-09-21,iahC6Y,994,Wii,25103
6,2017-10-01,EpwSNosQrJP,995,Wii,25103
6,2017-10-04,F22fHmbo5ZYn,996,Wii,25103
6,2017-10-04,E1BL1Vbwe6KHVmT2EY4,997,Wii,25103
7,2017-10-06,IqYAYN,998,Wii,25103
7,2017-10-14,pJXUouUr27rd9,999,Wii,25103
7,2017-10-18,dGUiBF,1000,Wii,25103
6,2017-10-18,FXJqyNDrG6Xfdaz6,1001,Wii,25103
6,2017-10-23,KG5O9mqT5gO1aSYFfXs,1002,Wii,25103
6,2017-10-30,f5vG8P,1003,Wii,25103
6,2017-11-05,ECFq0mp9K,1004,Wii,25103
7,2017-11-02,YzqYzGkzJ5w,1005,Wii,25103
6,2017-11-09,RSK9HymStJnNSD0U,1006,Wii,25103
7,2017-11-10,JwD8vYtK,1007,Wii,25103
6,2017-11-14,jeuWk,1008,Wii,25103
6,2017-11-18,j2JZU1wd28vk9m,1009,Wii,25103
7,2017-11-22,hdHQGTrIxDMEuHxc54nB,1010,Wii,25103
7,2017-11-30,2yvgL7hIF6PHsU6vq4F,1011,Wii,25103
7,2017-12-03,FRlZ8NERM2cFI,1012,Wii,25103
6,2017-12-05,J1zbLANkuaswW,1013,Wii,25103
7,2017-12-13,CLhyrafKIBalS,1014,Wii,25103
6,2017-12-17,eWKDRwwsq,1015,Wii,25103
6,2017-12-21,mtduHI7Uvz0hdDjz3fa,1016,Wii,25103
6,2017-12-20,HkjvBbYEQsNmhfmd,1017,Wii,25103
7,2017-12-23,zem1Xwu,1018,Wii,25103
7,2017-12-27,QYEAo2ry,1019,Wii,25103
6,2018-01-01,oHzdFE8kRDZ8Y,1020,Wii,25103
6,2018-01-08,PI1Z3,1021,Wii,25103
6,2018-01-11,84micAHAr8Z50dMoIa8X,1022,Wii,25103
7,2018-01-11,L5bWdur8L6hDfgpVr5fy,1023,Wii,25103
6,2018-01-18,s5t0InwoGMj,1024,Wii,25103
6,2018-01-24,TxFxzRBHM0cDS6gDqdMO,1025,Wii,25103
7,2018-01-28,Yg0XBjmK3xy,1026,Wii,25103
7,2018-01-27,pJjTTb3xfTk,1027,Wii,25103
7,2018-02-01,D0AgUTf7fLZ0,1028,Wii,25103
7,2018-02-07,fHjF8UFDFPXdHJS,1029,Wii,25103
6,2018-02-10,UgdFI4N8FMx,1030,Wii,25103
7,2018-02-15,iuPKdWWPn9VvyXPzl8pg,1031,Wii,25103
6,2018-02-18,z2X1WUYwxP2,1032,Wii,25103
6,2018-02-20,6FKxM4Bv2PZ,1033,Wii,25103
7,2018-02-26,1cVWGY2wrlMWnzB26jrh,1034,Wii,25103
7,2018-03-05,IE1YiibwrJmjYjboU7id,1035,Wii,25103
7,2018-03-04,WcXJeduSK5JAMo,1036,Wii,25103
6,2018-03-10,kHRvmNrfgDYC,1037,Wii,25103
7,2018-03-13,b7t4YwJMMnP8I02eZ8,1038,Wii,25103
7,2018-03-20,3Cmiir48infRm,1039,Wii,25103
6,2018-03-19,wr08UYvxMjm,1040,Wii,25103
6,2018-03-26,OdOeJr8Jxo1rojr8,1041,Wii,25103
7,2018-04-01,RtMoLNWxVVSCBh,1042,Wii,25103
7,2018-04-04,tcurM8pa3yUkblDyTa,1043,Wii,25103
7,2018-04-07,HdwTmIAtJjNd,1044,Wii,25103
7,2018-04-10,YJ7aqfvN7XmHrfk,1045,Wii,25103
7,2018-04-16,TnUlbxFQytOTarZq,1046,Wii,25103
7,2018-04-17,BHcJBDwbiAmdA,1047,Wii,25103
6,2018-04-20,FURr5tVUn,1048,Wii,25103
6,2018-04-27,ZhYukY5qUNd,1049,Wii,25103
6,2018-04-26,5zSALGWtltxOqxmjIB,1050,Wii,25103
6,2018-05-01,YfuFITh10,1051,Wii,25103
7,2018-05-08,DY8d0FCyS12Gzv5mrSah,1052,Wii,25103
6,2018-05-12,U1lek7bXW,1053,Wii,25103
7,2018-05-15,kVpY6Pa,1054,Wii,25103
7,2018-05-17,sYn2Dne4nK7eCw,1055,Wii,25103
6,2018-05-20,aVM9gt9D0JQl0tpo7I,1056,Wii,25103
6,2018-05-26,k1xCg,1057,Wii,25103
6,2018-05-29,OMtDceIh03j,1058,Wii,25103
6,2018-06-04,6FmiOon3c,1059,Wii,25103
6,2018-06-09,HRQJrpIVJUB1hLiR,1060,Wii,25103
6,2018-06-08,QvrhfpMwFNyhqA,1061,Wii,25103
6,2018-06-14,GEKcT,1062,Wii,25103
7,2018-06-21,zp9MIwuUW1ctHs,1063,Wii,25103
7,2018-06-21,jiICjsT9OYeyCYKE28,1064,Wii,25103
7,2018-06-30,o8iIQ,1065,Wii,25103
6,2018-06-29,QEAstBHwYCY,1066,Wii,25103
7,2018-07-06,imTG19Tl7yizgoiNBxz,1067,Wii,25103
6,2018-07-10,9IUTAOA0TnMQRfWYeC2,1068,Wii,25103
7,2018-07-12,HyKMLQ,1069,Wii,25103
6,2018-07-15,GvOURYEfzVHv,1070,Wii,25103
7,2018-07-22,FISUaP7yY,1071,Wii,25103
7,2018-07-26,U9HDZScDeBShX,1072,Wii,25103
7,2018-07-26,kbs1WbiZfrigbLwO,1073,Wii,25103
7,2018-08-04,fbzGZ,1074,Wii,25103
7,2018-08-04,9k710JUmTK0Zq,1075,Wii,25103
6,2018-08-05,qZzUi1diJjiuUBXAcoGU,1076,Wii,25103
7,2018-08-13,8thVCGOilalSRLeTxt,1077,Wii,25103
7,2018-08-19,2gCsAcEbQ0FkA8rifR6N,1078,Wii,25103
7,2018-08-23,QKSK8gajldCLzKhBWj1Q,1079,Wii,25103
7,2018-08-26,HPx8grdxxArWXw0,1080,Wii,25103
6,2018-08-31,PKeOhYQKpAOAl,1081,Wii,25103
7,2018-09-01,7Xz3WFtyK,1082,Wii,25103
7,2018-09-07,V2mXdRUZqZUbOYuB,1083,Wii,25103
7,2018-09-10,KOctBlgbE96wHs,1084,Wii,25103
7,2018-09-15,bN1GcQ,1085,Wii,25103
7,2018-09-14,jfUuA49FrwXkc5yO,1086,Wii,25103
7,2018-09-19,g883QSsNd2Lej0f3E,1087,Wii,25103
7,2018-09-25,9oxUGomjsT33YVm5j6S,1088,Wii,25103
7,2018-09-27,VEu371jgbq,1089,Wii,25103
7,2018-10-03,ROVjOEYST,1090,Wii,25103
7,2018-10-04,BXvFB9kXT8j4SWkXqdK,1091,Wii,25103
7,2018-10-08,JQtl64nry1tG,1092,Wii,25103
7,2018-10-12,0RKo4we,1093,Wii,25103
7,2018-10-18,DMRyOS2l6hzCnni,1094,Wii,25103
7,2018-10-20,IBw6h3grh,1095,Wii,25103
7,2018-10-26,1cGRgFAVHE,1096,Wii,25103
7,2018-10-26,EfW3etsT,1097,Wii,25103
7,2018-10-31,31w20oXf79,1098,Wii,25103
7,2018-11-03,Cjpv1Fq6CFn,1099,Wii,25103
7,2018-11-09,nBQdHsryysCwyHJOm,1100,Wii,25103
7,2018-11-14,JKP5fGtibCNp,1101,Wii,25103
7,2018-11-20,P02pp0dsEWU4Py1JRtrp,1102,Wii,25103
7,2018-11-22,oCo5jiX,1103,Wii,25103
7,2018-11-24,kshkTD4dCBz6v442G6Qn,1104,Wii,25103
7,2018-12-02,4KSOhuXKIXtd,1105,Wii,25103
7,2018-12-03,HMFHA6CR6J,1106,Wii,25103
7,2018-12-06,BKpyEfy3Th,1107,Wii,25103
7,2018-12-09,SSnKJZW7wvgPG9PX,1108,Wii,25103
7,2018-12-13,g5eBQQ3ZjsMpv7BKSNy,1109,Wii,25103
7,2018-12-16,L9wJj3L8f7n0po6xv6Xb,1110,Wii,25103
7,2018-12-22,l63kx9Pl5g,1111,Wii,25103
7,2018-12-26,36k1XeFCTXDp0KQ,1112,Wii,25103
7,2018-12-29,twItgBortFnX,1113,Wii,25103
7,2019-01-02,c605HpngFE,1114,Wii,25103
7,2019-01-06,qNCEwCv0vFQaG2,1115,Wii,25103
7,2019-01-14,51wkDsYLWGYH3q94Yv,1116,Wii,25103
7,2019-01-17,ZRAVo1n72DTagnrx,1117,Wii,25103
7,2019-01-22,iOBLq0,1118,Wii,25103
7,2019-01-20,KPXMR,1119,Wii,25103
7,2019-01-24,ROvkKeY,1120,Wii,25103
